{
    "properties": [
      {
        "name": "application.security.jwt.secret-key",
        "type": "java.lang.String",
        "description": "Description for application.security.jwt.secret-key."
      },
      {
        "name": "application.security.jwt.expiration",
        "type": "java.lang.String",
        "description": "Description for application.security.jwt.expiration."
      },
      {
        "name": "application.security.jwt.refresh-token.expiration",
        "type": "java.lang.String",
        "description": "Description for application.security.jwt.refresh-token.expiration."
      }
  ]
}